Q (Ang^-1), Data, Model
0.51,-0.767554295,-0.930934275
0.53,-0.97607775,-1.09235174
0.55,-1.00956506,-1.083900141
0.57,-0.881434587,-0.918076525
0.59,-0.643811763,-0.646484426
0.61,-0.3720376,-0.344747535
0.63,-0.144309063,-9.22E-02
0.65,-2.17E-02,4.82E-02
0.67,-3.37E-02,4.54E-02
0.69,-0.172237383,-9.38E-02
0.71,-0.395580503,-0.327632151
0.73,-0.640975025,-0.591485408
0.75,-0.841780949,-0.815467181
0.77,-0.945169605,-0.942364549
0.79,-0.925594869,-0.941972461
0.81,-0.790760354,-0.818044988
0.83,-0.578765889,-0.606357914
0.85,-0.347400381,-0.364613865
0.87,-0.158531667,-0.156964381
0.89,-6.17E-02,-3.72E-02
0.91,-8.14E-02,-3.51E-02
0.93,-0.210699837,-0.148825126
0.95,-0.413618317,-0.346256441
0.97,-0.634858817,-0.573529314
0.9899999,-0.814540417,-0.769466612
1.01,-0.904092418,-0.881648296
1.03,-0.879095374,-0.880084442
1.05,-0.745766367,-0.764990392
1.07,-0.53937825,-0.566659387
1.09,-0.315026185,-0.337502968
1.11,-0.133116874,-0.138315768
1.13,-4.33E-02,-2.23E-02
1.15,-7.13E-02,-2.10E-02
1.17,-0.211206141,-0.135843128
1.19,-0.427052192,-0.33717879
1.21,-0.66132311,-0.571893161
1.23,-0.849940059,-0.776886127
1.25,-0.93915762,-0.895587987
1.27,-0.900252259,-0.893097835
1.29,-0.738098673,-0.766038181
1.31,-0.49122504,-0.544456308
1.33,-0.223045969,-0.285064051
1.35,-6.21E-03,-5.73E-02
1.37,9.62E-02,7.46E-02
1.39,4.81E-02,6.86E-02
1.41,-0.148463629,-8.22E-02
1.43,-0.45081437,-0.34584783
1.45,-0.783407479,-0.656861406
1.47,-1.054236514,-0.930114808
1.49,-1.17621088,-1.08069162
1.51,-1.088639887,-1.044598901
1.53,-0.773662775,-0.795644818
1.55,-0.263497786,-0.3542554
1.57,0.363592818,0.214181792
1.59,0.998151842,0.811475321
1.61,1.522191686,1.326870526
1.63,1.834783193,1.661016903
1.65,1.874872359,1.748335366
1.67,1.636113783,1.572693802
1.69,1.170192347,1.172701686
1.71,0.577614328,0.635195695
1.73,-1.23E-02,7.81E-02
1.75,-0.46789557,-0.373774378
1.77,-0.682945918,-0.61485289
1.79,-0.598977718,-0.581197233
1.81,-0.218093366,-0.264376926
1.83,0.396926724,0.286192926
1.85,1.135096116,0.972931988
1.87,1.859595313,1.669694577
1.89,2.435250257,2.247080822
1.91,2.755289541,2.598082555
1.93,2.761802338,2.658703533
1.95,2.455772656,2.419370628
1.97,1.894881744,1.925009868
1.99,1.17992251,1.264128094
2.01,0.433067605,0.549566708
2.03,-0.227143177,-0.104727595
2.05,-0.708714726,-0.605888293
2.07,-0.962297576,-0.898676658
2.09,-0.987439322,-0.973212127
2.11,-0.828215389,-0.862755677
2.13,-0.559808517,-0.632624694
2.15,-0.269498105,-0.363189621
2.17,-3.66E-02,-0.131036228
2.19,8.44E-02,7.45E-03
2.21,7.34E-02,2.66E-02
2.23,-5.42E-02,-6.59E-02
2.25,-0.254090257,-0.23420319
2.27,-0.467154444,-0.425808283
2.29,-0.634905703,-0.586087338
2.31,-0.714431628,-0.672360655
2.33,-0.688437466,-0.664159078
2.35,-0.568480766,-0.567417405
2.37,-0.390892775,-0.411868305
2.39,-0.206654941,-0.242541815
2.41,-6.79E-02,-0.107635357
2.43,-1.42E-02,-4.58E-02
2.45,-6.26E-02,-7.59E-02
2.47,-0.202352105,-0.191886516
2.49,-0.397343714,-0.363294007
2.51,-0.59392653,-0.542251088
2.53,-0.73324916,-0.674242199
2.55,-0.764831272,-0.71075463
2.57,-0.658371257,-0.620687585
2.59,-0.411148549,-0.397993371
2.61,-4.94E-02,-6.39E-02
2.63,0.376294404,0.336810522
2.65,0.801230857,0.744283237
2.67,1.158921454,1.095411131
2.69,1.394074028,1.335945649
2.71,1.47278096,1.430650533
2.73,1.388161202,1.369372388
2.75,1.160469452,1.167964813
2.77,0.831932628,0.864119306
2.79,0.457661177,0.509217197
2.81,9.47E-02,0.158081157
2.83,-0.208324542,-0.141175812
2.85,-0.4192834,-0.35517352
2.87,-0.526333208,-0.469716192
2.89,-0.537604889,-0.490079705
2.91,-0.476908498,-0.437454209
2.93,-0.376846074,-0.342634403
2.95,-0.271005551,-0.238526091
2.97,-0.186953401,-0.153138455
2.99,-0.141398253,-0.104466298
3.01,-0.138289623,-9.81E-02
3.03,-0.169903294,-0.127922478
3.05,-0.220314933,-0.1789129
3.07,-0.270213908,-0.231974247
3.09,-0.301839604,-0.268749832
3.11,-0.302941395,-0.2758286
3.13,-0.26901327,-0.247343299
3.15,-0.20353059,-0.185606431
3.17,-0.116397105,-9.99E-02
3.19,-2.12E-02,-3.79E-03
3.21,6.81E-02,8.79E-02
3.23,0.139641475,0.162402626
3.25,0.186192611,0.21103541
3.27,0.205337859,0.230429267
3.29,0.19925929,0.222283219
3.31,0.173359127,0.192184528
3.33,0.1345172,0.147823645
3.35,8.94E-02,9.71E-02
3.37,4.33E-02,4.67E-02
3.39,-3.89E-04,8.40E-04
3.41,-4.04E-02,-3.84E-02
3.43,-7.64E-02,-7.10E-02
3.45,-0.109078642,-9.82E-02
3.47,-0.138529973,-0.121575481
3.49,-0.164533869,-0.142236758
3.51,-0.186242558,-0.16058064
3.53,-0.202525952,-0.176253211
3.55,-0.212446514,-0.188456461
3.57,-0.215718706,-0.196392296
3.59,-0.212978564,-0.199673347
3.61,-0.205761835,-0.19856002
3.63,-0.196189758,-0.193956085
3.65,-0.186457875,-0.187181153
3.67,-0.178286313,-0.179610487
3.69,-0.172502326,-0.172310501
3.71,-0.168885567,-0.165793128
3.73,-0.166327227,-0.159968438
3.75,-0.163260163,-0.154308193
3.77,-0.158236259,-0.148164544
3.79,-0.150482887,-0.141138891
3.81,-0.140274525,-0.133379809
3.83,-0.129006625,-0.125710028
3.85,-0.118941628,-0.119533303
3.87,-0.11268794,-0.116537244
3.89,-0.112546452,-0.118268419
3.91,-0.119895603,-0.125694143
3.93,-0.134775721,-0.138870759
3.95,-0.155780157,-0.156810112
3.97,-0.180279706,-0.177582786
3.99,-0.204920631,-0.198633934
4.01,-0.226268544,-0.217232829
4.03,-0.241438164,-0.230945381
4.05,-0.248560242,-0.23801796
4.07,-0.246986991,-0.237590045
4.09,-0.237211459,-0.229703243
4.11,-0.220553117,-0.215130374
4.13,-0.198720516,-0.195094506
4.15,-0.1733865,-0.170971397
4.17,-0.14589656,-0.144063732
4.19,-0.117181871,-0.115504397
4.21,-8.79E-02,-8.63E-02
4.23,-5.86E-02,-5.75E-02
4.25,-3.02E-02,-3.02E-02
4.27,-4.12E-03,-6.01E-03
4.29,1.79E-02,1.34E-02
4.31,3.36E-02,2.61E-02
4.33,4.11E-02,3.07E-02
4.35,3.89E-02,2.63E-02
4.37,2.68E-02,1.29E-02
4.39,6.17E-03,-7.97E-03
4.41,-2.04E-02,-3.38E-02
4.43,-4.89E-02,-6.09E-02
4.45,-7.50E-02,-8.54E-02
4.47,-9.43E-02,-0.103519794
4.49,-0.103432034,-0.112270566
4.51,-0.100773079,-0.110203604
4.53,-8.65E-02,-9.75E-02
4.55,-6.29E-02,-7.61E-02
4.57,-3.34E-02,-4.90E-02
4.59,-2.49E-03,-2.02E-02
4.61,2.56E-02,6.62E-03
4.63,4.75E-02,2.82E-02
4.65,6.12E-02,4.26E-02
4.67,6.63E-02,4.93E-02
4.69,6.40E-02,4.91E-02
4.71,5.65E-02,4.38E-02
4.73,4.66E-02,3.56E-02
4.75,3.69E-02,2.70E-02
4.77,2.92E-02,1.95E-02
4.79,2.43E-02,1.42E-02
4.81,2.20E-02,1.13E-02
4.83,2.14E-02,1.00E-02
4.85,2.13E-02,9.62E-03
4.87,2.04E-02,9.03E-03
4.89,1.79E-02,7.59E-03
4.91,1.37E-02,5.08E-03
4.93,8.40E-03,1.80E-03
4.95,2.96E-03,-1.65E-03
4.97,-1.58E-03,-4.53E-03
4.99,-4.42E-03,-6.27E-03
5.01,-5.29E-03,-6.69E-03
5.03,-4.53E-03,-6.04E-03
5.05,-3.04E-03,-4.99E-03
5.07,-1.99E-03,-4.40E-03
5.09,-2.49E-03,-5.10E-03
5.11,-5.26E-03,-7.56E-03
5.13,-1.04E-02,-1.18E-02
5.15,-1.72E-02,-1.73E-02
5.17,-2.46E-02,-2.29E-02
5.19,-3.10E-02,-2.76E-02
5.21,-3.50E-02,-3.02E-02
5.23,-3.57E-02,-2.99E-02
5.25,-3.28E-02,-2.67E-02
5.27,-2.68E-02,-2.09E-02
5.29,-1.89E-02,-1.37E-02
5.31,-1.08E-02,-6.43E-03
5.33,-4.20E-03,-5.24E-04
5.35,-3.09E-04,2.94E-03
5.37,1.99E-04,3.44E-03
5.39,-2.53E-03,1.11E-03
5.41,-7.62E-03,-3.29E-03
5.43,-1.37E-02,-8.53E-03
5.45,-1.91E-02,-1.33E-02
5.47,-2.26E-02,-1.64E-02
5.49,-2.33E-02,-1.70E-02
5.51,-2.10E-02,-1.50E-02
5.53,-1.61E-02,-1.07E-02
5.55,-9.65E-03,-5.11E-03
5.57,-2.95E-03,8.40E-04
5.59,2.81E-03,6.06E-03
5.61,6.73E-03,9.75E-03
5.63,8.41E-03,1.15E-02
5.65,7.92E-03,1.14E-02
5.67,5.76E-03,9.86E-03
5.69,2.63E-03,7.39E-03
5.71,-7.62E-04,4.63E-03
5.73,-3.89E-03,2.02E-03
5.75,-6.54E-03,-2.44E-04
5.77,-8.77E-03,-2.20E-03
5.79,-1.08E-02,-4.04E-03
5.81,-1.30E-02,-6.00E-03
5.83,-1.54E-02,-8.20E-03
5.85,-1.79E-02,-1.05E-02
5.87,-2.01E-02,-1.27E-02
5.89,-2.15E-02,-1.41E-02
5.91,-2.13E-02,-1.42E-02
5.93,-1.91E-02,-1.26E-02
5.95,-1.48E-02,-9.09E-03
5.97,-8.53E-03,-3.91E-03
5.99,-1.02E-03,2.40E-03
6.01,6.77E-03,9.04E-03
6.03,1.38E-02,1.51E-02
6.05,1.93E-02,1.98E-02
6.07,2.27E-02,2.28E-02
6.09,2.42E-02,2.41E-02
6.11,2.43E-02,2.41E-02
6.13,2.40E-02,2.37E-02
6.15,2.45E-02,2.40E-02
6.17,2.68E-02,2.57E-02
6.19,3.15E-02,2.96E-02
6.21,3.85E-02,3.55E-02
6.23,4.73E-02,4.32E-02
6.25,5.69E-02,5.16E-02
6.27,6.57E-02,5.95E-02
6.29,7.27E-02,6.58E-02
6.31,7.67E-02,6.96E-02
6.33,7.75E-02,7.06E-02
6.35,7.54E-02,6.89E-02
6.37,7.12E-02,6.52E-02
6.39,6.65E-02,6.08E-02
6.41,6.24E-02,5.68E-02
6.43,6.03E-02,5.44E-02
6.45,6.09E-02,5.41E-02
6.47,6.40E-02,5.61E-02
6.49,6.91E-02,6.00E-02
6.51,7.52E-02,6.49E-02
6.53,8.10E-02,6.96E-02
6.55,8.52E-02,7.32E-02
6.57,8.71E-02,7.49E-02
6.59,8.65E-02,7.45E-02
6.61,8.38E-02,7.22E-02
6.63,7.99E-02,6.89E-02
6.65,7.60E-02,6.55E-02
6.67,7.34E-02,6.31E-02
6.69,7.28E-02,6.24E-02
6.71,7.46E-02,6.40E-02
6.73,7.87E-02,6.75E-02
6.75,8.43E-02,7.24E-02
6.77,9.02E-02,7.77E-02
6.79,9.51E-02,8.23E-02
6.81,9.81E-02,8.52E-02
6.83,9.84E-02,8.58E-02
6.85,9.59E-02,8.38E-02
6.87,9.08E-02,7.95E-02
6.89,8.40E-02,7.35E-02
6.91,7.64E-02,6.67E-02
6.93,6.91E-02,5.99E-02
6.95,6.28E-02,5.40E-02
6.97,5.78E-02,4.93E-02
6.99,5.43E-02,4.59E-02
7.01,5.20E-02,4.38E-02
7.03,5.03E-02,4.23E-02
7.05,4.88E-02,4.11E-02
7.07,4.69E-02,3.97E-02
7.09,4.46E-02,3.80E-02
7.11,4.18E-02,3.58E-02
7.13,3.89E-02,3.35E-02
7.15,3.63E-02,3.15E-02
7.17,3.46E-02,3.02E-02
7.19,3.40E-02,3.00E-02
7.21,3.48E-02,3.09E-02
7.23,3.69E-02,3.30E-02
7.25,3.98E-02,3.60E-02
7.27,4.32E-02,3.94E-02
7.29,4.64E-02,4.27E-02
7.31,4.90E-02,4.54E-02
7.33,5.06E-02,4.71E-02
7.35,5.09E-02,4.75E-02
7.37,4.99E-02,4.66E-02
7.39,4.77E-02,4.46E-02
7.41,4.45E-02,4.16E-02
7.43,4.05E-02,3.79E-02
7.45,3.60E-02,3.38E-02
7.47,3.11E-02,2.96E-02
7.49,2.60E-02,2.54E-02
7.51,2.09E-02,2.14E-02
7.53,1.60E-02,1.77E-02
7.55,1.14E-02,1.43E-02
7.57,7.43E-03,1.13E-02
7.59,4.16E-03,8.87E-03
7.61,1.77E-03,6.99E-03
7.63,2.97E-04,5.71E-03
7.65,-3.39E-04,5.00E-03
7.67,-3.25E-04,4.76E-03
7.69,5.86E-05,4.85E-03
7.71,4.94E-04,5.09E-03
7.73,6.92E-04,5.29E-03
7.75,4.53E-04,5.31E-03
7.77,-2.93E-04,5.06E-03
7.79,-1.47E-03,4.53E-03
7.81,-2.90E-03,3.79E-03
7.83,-4.33E-03,2.95E-03
7.85,-5.53E-03,2.12E-03
7.87,-6.36E-03,1.37E-03
7.89,-6.78E-03,7.19E-04
7.91,-6.92E-03,1.22E-04
7.93,-7.02E-03,-5.36E-04
7.95,-7.34E-03,-1.38E-03
7.97,-8.13E-03,-2.53E-03
7.99,-9.54E-03,-4.01E-03
8.01,-1.15E-02,-5.76E-03
8.03,-1.39E-02,-7.63E-03
8.05,-1.63E-02,-9.37E-03
8.07,-1.84E-02,-1.07E-02
8.09,-1.97E-02,-1.15E-02
8.11,-2.00E-02,-1.14E-02
8.13,-1.91E-02,-1.07E-02
8.15,-1.73E-02,-9.22E-03
8.17,-1.49E-02,-7.42E-03
8.19,-1.22E-02,-5.56E-03
8.21,-9.79E-03,-3.99E-03
8.23,-8.00E-03,-2.96E-03
8.25,-7.08E-03,-2.62E-03
8.27,-7.08E-03,-2.96E-03
8.29,-7.85E-03,-3.84E-03
8.309999,-9.10E-03,-5.03E-03
8.33,-1.05E-02,-6.27E-03
8.349999,-1.17E-02,-7.33E-03
8.37,-1.25E-02,-8.08E-03
8.389999,-1.28E-02,-8.51E-03
8.41,-1.29E-02,-8.74E-03
8.429999,-1.28E-02,-8.94E-03
8.45,-1.30E-02,-9.35E-03
8.47,-1.35E-02,-1.01E-02
8.49,-1.45E-02,-1.13E-02
8.51,-1.61E-02,-1.30E-02
8.53,-1.79E-02,-1.49E-02
8.55,-1.97E-02,-1.67E-02
8.57,-2.12E-02,-1.83E-02
8.59,-2.22E-02,-1.95E-02
8.61,-2.25E-02,-2.00E-02
8.63,-2.22E-02,-1.99E-02
8.65,-2.14E-02,-1.95E-02
8.67,-2.04E-02,-1.88E-02
8.69,-1.96E-02,-1.83E-02
8.71,-1.93E-02,-1.81E-02
8.73,-1.96E-02,-1.84E-02
8.75,-2.06E-02,-1.93E-02
8.77,-2.21E-02,-2.07E-02
8.79,-2.38E-02,-2.24E-02
8.809999,-2.54E-02,-2.41E-02
8.83,-2.68E-02,-2.56E-02
8.849999,-2.76E-02,-2.67E-02
8.87,-2.80E-02,-2.75E-02
8.889999,-2.79E-02,-2.78E-02
8.91,-2.77E-02,-2.80E-02
8.929999,-2.76E-02,-2.81E-02
8.95,-2.79E-02,-2.84E-02
8.97,-2.86E-02,-2.90E-02
8.99,-2.97E-02,-2.99E-02
9.01,-3.11E-02,-3.10E-02
9.03,-3.26E-02,-3.23E-02
9.05,-3.37E-02,-3.34E-02
9.07,-3.44E-02,-3.42E-02
9.09,-3.45E-02,-3.46E-02
9.11,-3.40E-02,-3.45E-02
9.13,-3.31E-02,-3.42E-02
9.15,-3.20E-02,-3.37E-02
9.17,-3.11E-02,-3.33E-02
9.19,-3.07E-02,-3.31E-02
9.21,-3.09E-02,-3.32E-02
9.23,-3.17E-02,-3.38E-02
9.25,-3.29E-02,-3.46E-02
9.27,-3.43E-02,-3.55E-02
9.29,-3.55E-02,-3.64E-02
9.309999,-3.63E-02,-3.69E-02
9.33,-3.65E-02,-3.71E-02
9.349999,-3.60E-02,-3.68E-02
9.37,-3.50E-02,-3.62E-02
9.389999,-3.37E-02,-3.55E-02
9.41,-3.26E-02,-3.48E-02
9.429999,-3.18E-02,-3.44E-02
9.45,-3.16E-02,-3.43E-02
9.469999,-3.21E-02,-3.47E-02
9.49,-3.30E-02,-3.53E-02
9.51,-3.42E-02,-3.60E-02
9.53,-3.52E-02,-3.66E-02
9.55,-3.59E-02,-3.68E-02
9.57,-3.59E-02,-3.66E-02
9.59,-3.52E-02,-3.58E-02
9.61,-3.39E-02,-3.46E-02
9.63,-3.23E-02,-3.31E-02
9.65,-3.07E-02,-3.16E-02
9.67,-2.94E-02,-3.04E-02
9.69,-2.86E-02,-2.97E-02
9.71,-2.85E-02,-2.95E-02
9.73,-2.90E-02,-2.97E-02
9.75,-3.00E-02,-3.02E-02
9.77,-3.10E-02,-3.09E-02
9.79,-3.19E-02,-3.13E-02
9.809999,-3.22E-02,-3.15E-02
9.83,-3.20E-02,-3.11E-02
9.849999,-3.12E-02,-3.04E-02
9.87,-3.01E-02,-2.93E-02
9.889999,-2.88E-02,-2.81E-02
9.91,-2.76E-02,-2.71E-02
9.929999,-2.70E-02,-2.64E-02
9.95,-2.69E-02,-2.61E-02
9.969999,-2.74E-02,-2.63E-02
9.99,-2.83E-02,-2.68E-02
10.01,-2.94E-02,-2.75E-02
10.03,-3.05E-02,-2.81E-02
10.05,-3.11E-02,-2.84E-02
10.07,-3.12E-02,-2.83E-02
10.09,-3.07E-02,-2.77E-02
10.11,-2.96E-02,-2.66E-02
10.13,-2.81E-02,-2.52E-02
10.15,-2.65E-02,-2.38E-02
10.17,-2.50E-02,-2.25E-02
10.19,-2.38E-02,-2.14E-02
10.21,-2.30E-02,-2.06E-02
10.23,-2.26E-02,-2.02E-02
10.25,-2.24E-02,-2.00E-02
10.27,-2.23E-02,-1.98E-02
10.29,-2.20E-02,-1.97E-02
10.31,-2.16E-02,-1.93E-02
10.33,-2.09E-02,-1.87E-02
10.35,-2.00E-02,-1.79E-02
10.37,-1.89E-02,-1.69E-02
10.39,-1.78E-02,-1.58E-02
10.41,-1.69E-02,-1.47E-02
10.43,-1.61E-02,-1.38E-02
10.45,-1.55E-02,-1.30E-02
10.47,-1.50E-02,-1.24E-02
10.49,-1.46E-02,-1.18E-02
10.51,-1.41E-02,-1.12E-02
10.53,-1.33E-02,-1.05E-02
10.55,-1.22E-02,-9.60E-03
10.57,-1.09E-02,-8.53E-03
10.59,-9.44E-03,-7.31E-03
10.61,-7.90E-03,-6.01E-03
10.63,-6.49E-03,-4.73E-03
10.65,-5.33E-03,-3.57E-03
10.67,-4.49E-03,-2.61E-03
10.69,-3.96E-03,-1.87E-03
10.71,-3.67E-03,-1.32E-03
10.73,-3.48E-03,-9.15E-04
10.75,-3.24E-03,-5.59E-04
10.77,-2.80E-03,-1.67E-04
10.79,-2.09E-03,3.31E-04
10.81,-1.09E-03,9.71E-04
10.83,1.62E-04,1.75E-03
10.85,1.55E-03,2.65E-03
10.87,2.95E-03,3.61E-03
10.89,4.25E-03,4.59E-03
10.91,5.40E-03,5.56E-03
10.93,6.37E-03,6.50E-03
10.95,7.23E-03,7.43E-03
10.97,8.05E-03,8.38E-03
10.99,8.95E-03,9.38E-03
11.01,1.00E-02,1.04E-02
11.03,1.12E-02,1.16E-02
11.05,1.26E-02,1.27E-02
11.07,1.41E-02,1.39E-02
11.09,1.56E-02,1.50E-02
11.11,1.69E-02,1.59E-02
11.13,1.81E-02,1.67E-02
11.15,1.89E-02,1.73E-02
11.17,1.96E-02,1.78E-02
11.19,2.00E-02,1.82E-02
11.21,2.05E-02,1.86E-02
11.23,2.09E-02,1.90E-02
11.25,2.15E-02,1.95E-02
11.27,2.22E-02,2.01E-02
11.29,2.30E-02,2.08E-02
11.31,2.39E-02,2.14E-02
11.33,2.47E-02,2.19E-02
11.35,2.54E-02,2.24E-02
11.37,2.58E-02,2.27E-02
11.39,2.61E-02,2.29E-02
11.41,2.62E-02,2.29E-02
11.43,2.62E-02,2.30E-02
11.45,2.63E-02,2.31E-02
11.47,2.65E-02,2.33E-02
11.49,2.69E-02,2.36E-02
11.51,2.75E-02,2.39E-02
11.53,2.82E-02,2.43E-02
11.55,2.89E-02,2.47E-02
11.57,2.94E-02,2.49E-02
11.59,2.97E-02,2.49E-02
11.61,2.97E-02,2.47E-02
11.63,2.94E-02,2.44E-02
11.65,2.89E-02,2.39E-02
11.67,2.82E-02,2.34E-02
11.69,2.77E-02,2.30E-02
11.71,2.73E-02,2.28E-02
11.73,2.72E-02,2.28E-02
11.75,2.74E-02,2.30E-02
11.77,2.78E-02,2.33E-02
11.79,2.84E-02,2.36E-02
11.81,2.88E-02,2.38E-02
11.83,2.91E-02,2.39E-02
11.85,2.91E-02,2.38E-02
11.87,2.87E-02,2.36E-02
11.89,2.82E-02,2.32E-02
11.91,2.75E-02,2.28E-02
11.93,2.69E-02,2.24E-02
11.95,2.66E-02,2.22E-02
11.97,2.65E-02,2.23E-02
11.99,2.68E-02,2.25E-02
12.01,2.73E-02,2.28E-02
12.03,2.81E-02,2.32E-02
12.05,2.87E-02,2.35E-02
12.07,2.92E-02,2.37E-02
12.09,2.94E-02,2.37E-02
12.11,2.92E-02,2.35E-02
12.13,2.86E-02,2.31E-02
12.15,2.79E-02,2.27E-02
12.17,2.70E-02,2.24E-02
12.19,2.62E-02,2.22E-02
12.21,2.56E-02,2.21E-02
12.23,2.52E-02,2.22E-02
12.25,2.49E-02,2.22E-02
12.27,2.49E-02,2.22E-02
12.29,2.48E-02,2.21E-02
12.31,2.45E-02,2.17E-02
12.33,2.41E-02,2.11E-02
12.35,2.35E-02,2.04E-02
12.37,2.27E-02,1.95E-02
12.39,2.19E-02,1.87E-02
12.41,2.12E-02,1.82E-02
12.43,2.08E-02,1.79E-02
12.45,2.07E-02,1.80E-02
12.47,2.09E-02,1.85E-02
12.49,2.13E-02,1.91E-02
12.51,2.19E-02,1.98E-02
12.53,2.23E-02,2.03E-02
12.55,2.26E-02,2.06E-02
12.57,2.24E-02,2.05E-02
12.59,2.19E-02,1.99E-02
12.61,2.10E-02,1.91E-02
12.63,1.99E-02,1.81E-02
12.65,1.88E-02,1.71E-02
12.67,1.78E-02,1.63E-02
12.69,1.72E-02,1.57E-02
12.71,1.69E-02,1.55E-02
12.73,1.69E-02,1.56E-02
12.75,1.72E-02,1.58E-02
12.77,1.74E-02,1.61E-02
12.79,1.75E-02,1.62E-02
12.81,1.73E-02,1.61E-02
12.83,1.68E-02,1.57E-02
12.85,1.60E-02,1.51E-02
12.87,1.50E-02,1.44E-02
12.89,1.40E-02,1.38E-02
12.91,1.32E-02,1.33E-02
12.93,1.27E-02,1.31E-02
12.95,1.26E-02,1.33E-02
12.97,1.29E-02,1.37E-02
12.99,1.35E-02,1.42E-02
13.01,1.40E-02,1.47E-02
13.03,1.43E-02,1.49E-02
13.05,1.43E-02,1.48E-02
13.07,1.37E-02,1.43E-02
13.09,1.27E-02,1.33E-02
13.11,1.14E-02,1.20E-02
13.13,9.95E-03,1.06E-02
13.15,8.60E-03,9.25E-03
13.17,7.55E-03,8.17E-03
13.19,6.96E-03,7.46E-03
13.21,6.82E-03,7.15E-03
13.23,7.07E-03,7.17E-03
13.25,7.52E-03,7.40E-03
13.27,7.94E-03,7.67E-03
13.29,8.13E-03,7.82E-03
13.31,7.93E-03,7.71E-03
13.33,7.28E-03,7.31E-03
13.35,6.23E-03,6.62E-03
13.37,4.94E-03,5.75E-03
13.39,3.61E-03,4.82E-03
13.41,2.43E-03,3.97E-03
13.43,1.58E-03,3.28E-03
13.45,1.12E-03,2.81E-03
13.47,1.01E-03,2.52E-03
13.49,1.15E-03,2.32E-03
13.51,1.33E-03,2.11E-03
13.53,1.36E-03,1.76E-03
13.55,1.09E-03,1.18E-03
13.57,4.23E-04,3.65E-04
13.59,-6.18E-04,-6.57E-04
13.61,-1.93E-03,-1.78E-03
13.63,-3.33E-03,-2.88E-03
13.65,-4.63E-03,-3.83E-03
13.67,-5.67E-03,-4.53E-03
13.69,-6.35E-03,-4.93E-03
13.71,-6.66E-03,-5.08E-03
13.73,-6.70E-03,-5.07E-03
13.75,-6.62E-03,-5.04E-03
13.77,-6.59E-03,-5.12E-03
13.79,-6.80E-03,-5.45E-03
13.81,-7.33E-03,-6.07E-03
13.83,-8.22E-03,-7.00E-03
13.85,-9.40E-03,-8.14E-03
13.87,-1.07E-02,-9.40E-03
13.89,-1.20E-02,-1.06E-02
13.91,-1.32E-02,-1.17E-02
13.93,-1.39E-02,-1.25E-02
13.95,-1.44E-02,-1.30E-02
13.97,-1.44E-02,-1.33E-02
13.99,-1.43E-02,-1.34E-02
14.01,-1.40E-02,-1.35E-02
14.03,-1.38E-02,-1.35E-02
14.05,-1.38E-02,-1.37E-02
14.07,-1.40E-02,-1.40E-02
14.09,-1.46E-02,-1.45E-02
14.11,-1.53E-02,-1.51E-02
14.13,-1.61E-02,-1.57E-02
14.15,-1.70E-02,-1.62E-02
14.17,-1.77E-02,-1.67E-02
14.19,-1.83E-02,-1.70E-02
14.21,-1.88E-02,-1.73E-02
14.23,-1.90E-02,-1.75E-02
14.25,-1.92E-02,-1.76E-02
14.27,-1.94E-02,-1.78E-02
14.29,-1.96E-02,-1.81E-02
14.31,-1.98E-02,-1.84E-02
14.33,-2.01E-02,-1.88E-02
14.35,-2.05E-02,-1.91E-02
14.37,-2.08E-02,-1.95E-02
14.39,-2.10E-02,-1.97E-02
14.41,-2.12E-02,-1.99E-02
14.43,-2.14E-02,-2.00E-02
14.45,-2.14E-02,-2.01E-02
14.47,-2.15E-02,-2.02E-02
14.49,-2.16E-02,-2.03E-02
14.51,-2.18E-02,-2.05E-02
14.53,-2.21E-02,-2.08E-02
14.55,-2.24E-02,-2.10E-02
14.57,-2.27E-02,-2.13E-02
14.59,-2.30E-02,-2.14E-02
14.61,-2.31E-02,-2.15E-02
14.63,-2.30E-02,-2.14E-02
14.65,-2.28E-02,-2.11E-02
14.67,-2.26E-02,-2.09E-02
14.69,-2.23E-02,-2.06E-02
14.71,-2.21E-02,-2.05E-02
14.73,-2.21E-02,-2.06E-02
14.75,-2.23E-02,-2.08E-02
14.77,-2.27E-02,-2.12E-02
14.79,-2.32E-02,-2.17E-02
14.81,-2.37E-02,-2.21E-02
14.83,-2.41E-02,-2.24E-02
14.85,-2.42E-02,-2.25E-02
14.87,-2.41E-02,-2.24E-02
14.89,-2.38E-02,-2.19E-02
14.91,-2.32E-02,-2.13E-02
14.93,-2.24E-02,-2.06E-02
14.95,-2.18E-02,-2.00E-02
14.97,-2.13E-02,-1.96E-02
14.99,-2.11E-02,-1.93E-02
15.01,-2.12E-02,-1.94E-02
15.03,-2.15E-02,-1.96E-02
15.05,-2.19E-02,-1.99E-02
15.07,-2.22E-02,-2.02E-02
15.09,-2.23E-02,-2.03E-02
15.11,-2.21E-02,-2.01E-02
15.13,-2.16E-02,-1.96E-02
15.15,-2.06E-02,-1.87E-02
15.17,-1.94E-02,-1.77E-02
15.19,-1.82E-02,-1.65E-02
15.21,-1.70E-02,-1.54E-02
15.23,-1.62E-02,-1.46E-02
15.25,-1.57E-02,-1.40E-02
15.27,-1.56E-02,-1.38E-02
15.29,-1.58E-02,-1.38E-02
15.31,-1.63E-02,-1.40E-02
15.33,-1.68E-02,-1.43E-02
15.35,-1.72E-02,-1.46E-02
15.37,-1.74E-02,-1.47E-02
15.39,-1.74E-02,-1.47E-02
15.41,-1.70E-02,-1.45E-02
15.43,-1.65E-02,-1.41E-02
15.45,-1.59E-02,-1.37E-02
15.47,-1.53E-02,-1.32E-02
15.49,-1.48E-02,-1.28E-02
15.51,-1.44E-02,-1.25E-02
15.53,-1.41E-02,-1.21E-02
15.55,-1.38E-02,-1.17E-02
15.57,-1.34E-02,-1.12E-02
15.59,-1.28E-02,-1.05E-02
15.61,-1.19E-02,-9.55E-03
15.63,-1.09E-02,-8.47E-03
15.65,-9.67E-03,-7.30E-03
15.67,-8.47E-03,-6.17E-03
15.69,-7.41E-03,-5.20E-03
15.71,-6.62E-03,-4.49E-03
15.73,-6.17E-03,-4.10E-03
15.75,-6.07E-03,-4.03E-03
15.77,-6.23E-03,-4.21E-03
15.79,-6.53E-03,-4.51E-03
15.81,-6.80E-03,-4.79E-03
15.83,-6.85E-03,-4.92E-03
15.85,-6.59E-03,-4.78E-03
15.87,-5.97E-03,-4.36E-03
15.89,-5.02E-03,-3.66E-03
15.91,-3.88E-03,-2.79E-03
15.93,-2.72E-03,-1.88E-03
15.95,-1.71E-03,-1.08E-03
15.97,-9.95E-04,-4.93E-04
15.99,-6.65E-04,-1.97E-04
16.01,-7.09E-04,-1.87E-04
16.03,-1.03E-03,-3.99E-04
16.05,-1.48E-03,-7.15E-04
16.07,-1.88E-03,-9.98E-04
16.09,-2.04E-03,-1.12E-03
16.11,-1.87E-03,-9.89E-04
16.13,-1.32E-03,-5.76E-04
16.15,-4.49E-04,8.65E-05
16.17,6.29E-04,9.12E-04
16.19,1.75E-03,1.78E-03
16.21,2.74E-03,2.57E-03
16.23,3.48E-03,3.17E-03
16.25,3.88E-03,3.52E-03
16.27,3.97E-03,3.64E-03
16.29,3.81E-03,3.56E-03
16.31,3.54E-03,3.38E-03
16.33,3.29E-03,3.19E-03
16.35,3.19E-03,3.10E-03
16.37,3.32E-03,3.16E-03
16.39,3.71E-03,3.41E-03
16.41,4.32E-03,3.81E-03
16.43,5.07E-03,4.33E-03
16.45,5.85E-03,4.88E-03
16.47,6.58E-03,5.40E-03
16.49,7.18E-03,5.84E-03
16.51,7.63E-03,6.18E-03
16.53,7.97E-03,6.44E-03
16.55,8.25E-03,6.65E-03
16.57,8.55E-03,6.85E-03
16.59,8.92E-03,7.11E-03
16.61,9.42E-03,7.43E-03
16.63,1.00E-02,7.83E-03
16.65,1.07E-02,8.29E-03
16.67,1.14E-02,8.76E-03
16.69,1.21E-02,9.20E-03
16.71,1.26E-02,9.55E-03
16.73,1.29E-02,9.80E-03
16.75,1.31E-02,9.95E-03
16.77,1.31E-02,1.00E-02
16.79,1.31E-02,1.00E-02
16.81,1.31E-02,1.00E-02
16.83,1.32E-02,1.01E-02
16.85,1.35E-02,1.02E-02
16.87,1.38E-02,1.04E-02
16.89,1.43E-02,1.07E-02
16.91,1.49E-02,1.10E-02
16.93,1.54E-02,1.13E-02
16.95,1.58E-02,1.16E-02
16.97,1.61E-02,1.18E-02
16.99,1.62E-02,1.19E-02
17.01,1.62E-02,1.20E-02
17.03,1.62E-02,1.21E-02
17.05,1.62E-02,1.22E-02
17.07,1.62E-02,1.23E-02
17.09,1.65E-02,1.25E-02
17.11,1.68E-02,1.29E-02
17.13,1.74E-02,1.33E-02
17.15,1.80E-02,1.37E-02
17.17,1.86E-02,1.41E-02
17.19,1.91E-02,1.45E-02
17.21,1.96E-02,1.48E-02
17.23,1.99E-02,1.50E-02
17.25,2.00E-02,1.52E-02
17.27,1.99E-02,1.52E-02
17.29,1.98E-02,1.51E-02
17.31,1.97E-02,1.50E-02
17.33,1.96E-02,1.49E-02
17.35,1.95E-02,1.47E-02
17.37,1.95E-02,1.47E-02
17.39,1.97E-02,1.46E-02
17.41,1.98E-02,1.47E-02
17.43,2.00E-02,1.47E-02
17.45,2.02E-02,1.48E-02
17.47,2.03E-02,1.49E-02
17.49,2.04E-02,1.51E-02
17.51,2.04E-02,1.52E-02
17.53,2.04E-02,1.54E-02
17.55,2.03E-02,1.55E-02
17.57,2.02E-02,1.55E-02
17.59,2.00E-02,1.55E-02
17.61,1.98E-02,1.54E-02
17.63,1.95E-02,1.52E-02
17.65,1.92E-02,1.49E-02
17.67,1.88E-02,1.46E-02
17.69,1.84E-02,1.43E-02
17.71,1.81E-02,1.40E-02
17.73,1.78E-02,1.38E-02
17.75,1.76E-02,1.37E-02
17.77,1.75E-02,1.36E-02
17.79,1.75E-02,1.37E-02
17.81,1.75E-02,1.38E-02
17.83,1.76E-02,1.39E-02
17.85,1.76E-02,1.39E-02
17.87,1.75E-02,1.39E-02
17.89,1.73E-02,1.37E-02
17.91,1.68E-02,1.33E-02
17.93,1.62E-02,1.29E-02
17.95,1.55E-02,1.24E-02
17.97,1.48E-02,1.19E-02
17.99,1.41E-02,1.15E-02
18.01,1.37E-02,1.12E-02
18.03,1.35E-02,1.11E-02
18.05,1.35E-02,1.12E-02
18.07,1.39E-02,1.14E-02
18.09,1.45E-02,1.17E-02
18.11,1.52E-02,1.21E-02
18.13,1.58E-02,1.24E-02
18.15,1.64E-02,1.27E-02
18.17,1.66E-02,1.28E-02
18.19,1.66E-02,1.27E-02
18.21,1.61E-02,1.23E-02
18.23,1.54E-02,1.19E-02
18.25,1.44E-02,1.12E-02
18.27,1.32E-02,1.05E-02
18.29,1.19E-02,9.74E-03
18.31,1.07E-02,8.97E-03
18.33,9.52E-03,8.23E-03
18.35,8.51E-03,7.54E-03
18.37,7.67E-03,6.91E-03
18.39,6.98E-03,6.34E-03
18.41,6.45E-03,5.84E-03
18.43,6.03E-03,5.39E-03
18.45,5.71E-03,5.01E-03
18.47,5.45E-03,4.68E-03
18.49,5.25E-03,4.42E-03
18.51,5.11E-03,4.22E-03
18.53,5.01E-03,4.08E-03
18.55,4.96E-03,4.00E-03
18.57,4.96E-03,3.97E-03
18.59,4.99E-03,3.97E-03
18.61,5.04E-03,3.98E-03
18.63,5.07E-03,3.99E-03
18.65,5.05E-03,3.97E-03
18.67,4.96E-03,3.90E-03
18.69,4.76E-03,3.76E-03
18.71,4.44E-03,3.55E-03
18.73,3.99E-03,3.25E-03
18.75,3.41E-03,2.88E-03
18.77,2.72E-03,2.44E-03
18.79,1.95E-03,1.94E-03
18.81,1.15E-03,1.42E-03
18.83,3.64E-04,8.88E-04
18.85,-3.69E-04,3.79E-04
18.87,-1.01E-03,-9.20E-05
18.89,-1.53E-03,-5.11E-04
18.91,-1.94E-03,-8.77E-04
18.93,-2.23E-03,-1.20E-03
18.95,-2.45E-03,-1.49E-03
18.97,-2.62E-03,-1.79E-03
18.99,-2.81E-03,-2.10E-03
19.01,-3.04E-03,-2.46E-03
19.03,-3.34E-03,-2.86E-03
19.05,-3.72E-03,-3.29E-03
19.07,-4.16E-03,-3.73E-03
19.09,-4.63E-03,-4.15E-03
19.11,-5.08E-03,-4.50E-03
19.13,-5.45E-03,-4.76E-03
19.15,-5.72E-03,-4.91E-03
19.17,-5.87E-03,-4.94E-03
19.19,-5.91E-03,-4.90E-03
19.21,-5.89E-03,-4.83E-03
19.23,-5.87E-03,-4.80E-03
19.25,-5.94E-03,-4.89E-03
19.27,-6.18E-03,-5.13E-03
19.29,-6.63E-03,-5.57E-03
19.31,-7.32E-03,-6.20E-03
19.33,-8.22E-03,-6.99E-03
19.35,-9.26E-03,-7.86E-03
19.37,-1.04E-02,-8.74E-03
19.39,-1.14E-02,-9.52E-03
19.41,-1.22E-02,-1.01E-02
19.43,-1.28E-02,-1.05E-02
19.45,-1.32E-02,-1.07E-02
19.47,-1.32E-02,-1.07E-02
19.49,-1.30E-02,-1.05E-02
19.51,-1.26E-02,-1.03E-02
19.53,-1.22E-02,-1.00E-02
19.55,-1.19E-02,-9.81E-03
19.57,-1.17E-02,-9.72E-03
19.59,-1.17E-02,-9.75E-03
19.61,-1.18E-02,-9.88E-03
19.63,-1.21E-02,-1.01E-02
19.65,-1.24E-02,-1.03E-02
19.67,-1.28E-02,-1.06E-02
19.69,-1.31E-02,-1.08E-02
19.71,-1.35E-02,-1.10E-02
19.73,-1.37E-02,-1.11E-02
19.75,-1.39E-02,-1.13E-02
19.77,-1.41E-02,-1.15E-02
19.79,-1.43E-02,-1.17E-02
19.81,-1.45E-02,-1.20E-02
19.83,-1.47E-02,-1.23E-02
19.85,-1.49E-02,-1.25E-02
19.87,-1.51E-02,-1.26E-02
19.89,-1.52E-02,-1.26E-02
19.91,-1.52E-02,-1.26E-02
19.93,-1.50E-02,-1.24E-02
19.95,-1.48E-02,-1.21E-02
19.97,-1.46E-02,-1.19E-02
19.99,-1.44E-02,-1.17E-02
20.01,-1.42E-02,-1.17E-02
20.03,-1.43E-02,-1.18E-02
20.05,-1.44E-02,-1.20E-02
20.07,-1.47E-02,-1.24E-02
20.09,-1.51E-02,-1.28E-02
20.11,-1.55E-02,-1.31E-02
20.13,-1.57E-02,-1.33E-02
20.15,-1.57E-02,-1.33E-02
20.17,-1.55E-02,-1.31E-02
20.19,-1.50E-02,-1.26E-02
20.21,-1.44E-02,-1.20E-02
20.23,-1.37E-02,-1.13E-02
20.25,-1.30E-02,-1.07E-02
20.27,-1.25E-02,-1.03E-02
20.29,-1.24E-02,-1.02E-02
20.31,-1.25E-02,-1.03E-02
20.33,-1.30E-02,-1.07E-02
20.35,-1.38E-02,-1.13E-02
20.37,-1.46E-02,-1.19E-02
20.39,-1.54E-02,-1.25E-02
20.41,-1.60E-02,-1.28E-02
20.43,-1.64E-02,-1.30E-02
20.45,-1.63E-02,-1.29E-02
20.47,-1.59E-02,-1.25E-02
20.49,-1.53E-02,-1.19E-02
20.51,-1.44E-02,-1.13E-02
20.53,-1.35E-02,-1.07E-02
20.55,-1.27E-02,-1.01E-02
20.57,-1.20E-02,-9.66E-03
20.59,-1.16E-02,-9.36E-03
20.61,-1.13E-02,-9.16E-03
20.63,-1.12E-02,-9.03E-03
20.65,-1.11E-02,-8.90E-03
20.67,-1.10E-02,-8.74E-03
20.69,-1.08E-02,-8.51E-03
20.71,-1.05E-02,-8.22E-03
20.73,-1.01E-02,-7.88E-03
20.75,-9.60E-03,-7.54E-03
20.77,-9.16E-03,-7.23E-03
20.79,-8.79E-03,-7.01E-03
20.81,-8.56E-03,-6.88E-03
20.83,-8.47E-03,-6.84E-03
20.85,-8.53E-03,-6.86E-03
20.87,-8.67E-03,-6.91E-03
20.89,-8.83E-03,-6.94E-03
20.91,-8.93E-03,-6.91E-03
20.93,-8.92E-03,-6.80E-03
20.95,-8.74E-03,-6.60E-03
20.97,-8.39E-03,-6.33E-03
20.99,-7.90E-03,-6.01E-03
21.01,-7.29E-03,-5.67E-03
21.03,-6.64E-03,-5.32E-03
21.05,-6.00E-03,-4.99E-03
21.07,-5.42E-03,-4.67E-03
21.09,-4.93E-03,-4.36E-03
21.11,-4.55E-03,-4.05E-03
21.13,-4.27E-03,-3.74E-03
21.15,-4.09E-03,-3.44E-03
21.17,-3.99E-03,-3.16E-03
21.19,-3.95E-03,-2.94E-03
21.21,-3.98E-03,-2.80E-03
21.23,-4.06E-03,-2.78E-03
21.25,-4.20E-03,-2.89E-03
21.27,-4.36E-03,-3.12E-03
21.29,-4.51E-03,-3.41E-03
21.31,-4.63E-03,-3.70E-03
21.33,-4.66E-03,-3.92E-03
21.35,-4.55E-03,-3.98E-03
21.37,-4.26E-03,-3.84E-03
21.39,-3.80E-03,-3.47E-03
21.41,-3.18E-03,-2.89E-03
21.43,-2.45E-03,-2.15E-03
21.45,-1.68E-03,-1.35E-03
21.47,-9.48E-04,-5.75E-04
21.49,-3.43E-04,7.12E-05
21.51,8.35E-05,5.22E-04
21.53,3.07E-04,7.47E-04
21.55,3.46E-04,7.60E-04
21.57,2.55E-04,6.14E-04
21.59,1.16E-04,3.93E-04
21.61,1.91E-05,1.89E-04
21.63,4.78E-05,8.32E-05
21.65,2.59E-04,1.32E-04
21.67,6.72E-04,3.55E-04
21.69,1.27E-03,7.34E-04
21.71,2.00E-03,1.22E-03
21.73,2.78E-03,1.75E-03
21.75,3.56E-03,2.26E-03
21.77,4.25E-03,2.71E-03
21.79,4.85E-03,3.06E-03
21.81,5.34E-03,3.34E-03
21.83,5.76E-03,3.57E-03
21.85,6.15E-03,3.80E-03
21.87,6.58E-03,4.08E-03
21.89,7.08E-03,4.44E-03
21.91,7.66E-03,4.88E-03
21.93,8.31E-03,5.39E-03
21.95,8.97E-03,5.92E-03
21.97,9.58E-03,6.41E-03
21.99,1.01E-02,6.78E-03
22.01,1.04E-02,7.00E-03
22.03,1.05E-02,7.05E-03
22.05,1.03E-02,6.93E-03
22.07,1.00E-02,6.69E-03
22.09,9.62E-03,6.38E-03
22.11,9.20E-03,6.09E-03
22.13,8.87E-03,5.87E-03
22.15,8.67E-03,5.76E-03
22.17,8.66E-03,5.80E-03
22.19,8.83E-03,5.96E-03
22.21,9.16E-03,6.21E-03
22.23,9.58E-03,6.51E-03
22.25,1.00E-02,6.82E-03
22.27,1.05E-02,7.09E-03
22.29,1.09E-02,7.30E-03
22.31,1.12E-02,7.46E-03
22.33,1.14E-02,7.60E-03
22.35,1.16E-02,7.72E-03
22.37,1.18E-02,7.87E-03
22.39,1.19E-02,8.06E-03
22.41,1.21E-02,8.28E-03
22.43,1.24E-02,8.52E-03
22.45,1.26E-02,8.74E-03
22.47,1.27E-02,8.89E-03
22.49,1.28E-02,8.95E-03
22.51,1.28E-02,8.87E-03
22.53,1.26E-02,8.67E-03
22.55,1.22E-02,8.35E-03
22.57,1.18E-02,7.96E-03
22.59,1.13E-02,7.56E-03
22.61,1.08E-02,7.21E-03
22.63,1.05E-02,6.96E-03
22.65,1.03E-02,6.85E-03
22.67,1.03E-02,6.92E-03
22.69,1.05E-02,7.14E-03
22.71,1.10E-02,7.50E-03
22.73,1.16E-02,7.95E-03
22.75,1.24E-02,8.45E-03
22.77,1.32E-02,8.95E-03
22.79,1.40E-02,9.42E-03
22.81,1.47E-02,9.81E-03
22.83,1.52E-02,1.01E-02
22.85,1.56E-02,1.03E-02
22.87,1.59E-02,1.05E-02
22.89,1.59E-02,1.06E-02
22.91,1.59E-02,1.06E-02
22.93,1.57E-02,1.06E-02
22.95,1.54E-02,1.05E-02
22.97,1.52E-02,1.05E-02
22.99,1.49E-02,1.04E-02
23.01,1.47E-02,1.03E-02
23.03,1.46E-02,1.02E-02
23.05,1.45E-02,1.01E-02
23.07,1.44E-02,9.99E-03
23.09,1.43E-02,9.84E-03
23.11,1.41E-02,9.65E-03
23.13,1.38E-02,9.41E-03
23.15,1.34E-02,9.12E-03
23.17,1.29E-02,8.77E-03
23.19,1.22E-02,8.39E-03
23.21,1.15E-02,8.00E-03
23.23,1.08E-02,7.63E-03
23.25,1.02E-02,7.32E-03
23.27,9.76E-03,7.10E-03
23.29,9.57E-03,7.01E-03
23.31,9.63E-03,7.04E-03
23.33,9.90E-03,7.18E-03
23.35,1.03E-02,7.39E-03
23.37,1.07E-02,7.61E-03
23.39,1.11E-02,7.78E-03
23.41,1.12E-02,7.84E-03
23.43,1.10E-02,7.74E-03
23.45,1.05E-02,7.46E-03
23.47,9.76E-03,7.02E-03
23.49,8.76E-03,6.45E-03
23.51,7.70E-03,5.83E-03
23.53,6.72E-03,5.24E-03
23.55,5.98E-03,4.77E-03
23.57,5.60E-03,4.47E-03
23.59,5.62E-03,4.40E-03
23.61,6.04E-03,4.53E-03
23.63,6.76E-03,4.85E-03
23.65,7.66E-03,5.26E-03
23.67,8.54E-03,5.70E-03
23.69,9.25E-03,6.05E-03
23.71,9.64E-03,6.26E-03
23.73,9.63E-03,6.27E-03
23.75,9.20E-03,6.06E-03
23.77,8.40E-03,5.67E-03
23.79,7.36E-03,5.13E-03
23.81,6.20E-03,4.51E-03
23.83,5.08E-03,3.91E-03
23.85,4.13E-03,3.37E-03
23.87,3.43E-03,2.96E-03
23.89,3.03E-03,2.68E-03
23.91,2.90E-03,2.55E-03
23.93,2.98E-03,2.52E-03
23.95,3.19E-03,2.57E-03
23.97,3.43E-03,2.64E-03
23.99,3.64E-03,2.71E-03
24.01,3.76E-03,2.74E-03
24.03,3.79E-03,2.73E-03
24.05,3.72E-03,2.67E-03
24.07,3.61E-03,2.59E-03
24.09,3.48E-03,2.49E-03
24.11,3.35E-03,2.38E-03
24.13,3.24E-03,2.27E-03
24.15,3.13E-03,2.14E-03
24.17,2.97E-03,1.98E-03
24.19,2.72E-03,1.76E-03
24.21,2.33E-03,1.46E-03
24.23,1.78E-03,1.07E-03
24.25,1.08E-03,5.87E-04
24.27,2.43E-04,3.81E-05
24.29,-6.53E-04,-5.44E-04
24.31,-1.53E-03,-1.11E-03
24.33,-2.30E-03,-1.62E-03
24.35,-2.88E-03,-2.03E-03
24.37,-3.24E-03,-2.30E-03
24.39,-3.37E-03,-2.43E-03
24.41,-3.29E-03,-2.44E-03
24.43,-3.08E-03,-2.35E-03
24.45,-2.82E-03,-2.22E-03
24.47,-2.62E-03,-2.10E-03
24.49,-2.55E-03,-2.04E-03
24.51,-2.67E-03,-2.09E-03
24.53,-3.01E-03,-2.27E-03
24.55,-3.54E-03,-2.58E-03
24.57,-4.20E-03,-2.98E-03
24.59,-4.92E-03,-3.44E-03
24.61,-5.59E-03,-3.91E-03
24.63,-6.14E-03,-4.32E-03
24.65,-6.52E-03,-4.65E-03
24.67,-6.70E-03,-4.85E-03
24.69,-6.68E-03,-4.94E-03
24.71,-6.54E-03,-4.93E-03
24.73,-6.32E-03,-4.85E-03
24.75,-6.13E-03,-4.76E-03
24.77,-6.03E-03,-4.71E-03
24.79,-6.09E-03,-4.74E-03
24.81,-6.34E-03,-4.88E-03
24.83,-6.77E-03,-5.14E-03
24.85,-7.37E-03,-5.49E-03
24.87,-8.06E-03,-5.91E-03
24.89,-8.79E-03,-6.35E-03
24.91,-9.49E-03,-6.77E-03
24.93,-1.01E-02,-7.13E-03
24.95,-1.06E-02,-7.40E-03
24.97,-1.10E-02,-7.57E-03
24.99,-1.12E-02,-7.67E-03
25.01,-1.13E-02,-7.70E-03
25.03,-1.14E-02,-7.71E-03
25.05,-1.13E-02,-7.71E-03
25.07,-1.13E-02,-7.71E-03
25.09,-1.12E-02,-7.72E-03
25.11,-1.10E-02,-7.72E-03
25.13,-1.08E-02,-7.69E-03
25.15,-1.04E-02,-7.58E-03
25.17,-9.96E-03,-7.39E-03
25.19,-9.40E-03,-7.10E-03
25.21,-8.78E-03,-6.73E-03
25.23,-8.15E-03,-6.31E-03
25.25,-7.58E-03,-5.89E-03
25.27,-7.15E-03,-5.55E-03
25.29,-6.95E-03,-5.34E-03
25.31,-7.03E-03,-5.32E-03
25.33,-7.41E-03,-5.51E-03
25.35,-8.08E-03,-5.91E-03
25.37,-8.97E-03,-6.48E-03
25.39,-1.00E-02,-7.14E-03
25.41,-1.11E-02,-7.82E-03
25.43,-1.20E-02,-8.43E-03
25.45,-1.28E-02,-8.90E-03
25.47,-1.33E-02,-9.17E-03
25.49,-1.35E-02,-9.24E-03
25.51,-1.34E-02,-9.13E-03
25.53,-1.31E-02,-8.86E-03
25.55,-1.26E-02,-8.51E-03
25.57,-1.20E-02,-8.14E-03
25.59,-1.14E-02,-7.79E-03
25.61,-1.08E-02,-7.50E-03
25.63,-1.04E-02,-7.29E-03
25.65,-1.00E-02,-7.13E-03
25.67,-9.73E-03,-7.00E-03
25.69,-9.50E-03,-6.87E-03
25.71,-9.28E-03,-6.70E-03
25.73,-9.06E-03,-6.49E-03
25.75,-8.82E-03,-6.23E-03
25.77,-8.59E-03,-5.97E-03
25.79,-8.39E-03,-5.73E-03
25.81,-8.26E-03,-5.55E-03
25.83,-8.23E-03,-5.47E-03
25.85,-8.34E-03,-5.51E-03
25.87,-8.56E-03,-5.67E-03
25.89,-8.89E-03,-5.90E-03
25.91,-9.28E-03,-6.17E-03
25.93,-9.65E-03,-6.42E-03
25.95,-9.94E-03,-6.60E-03
25.97,-1.01E-02,-6.66E-03
25.99,-1.01E-02,-6.59E-03
26.01,-9.88E-03,-6.38E-03
26.03,-9.50E-03,-6.07E-03
26.05,-9.00E-03,-5.71E-03
26.07,-8.43E-03,-5.33E-03
26.09,-7.86E-03,-4.99E-03
26.11,-7.34E-03,-4.72E-03
26.13,-6.90E-03,-4.52E-03
26.15,-6.56E-03,-4.40E-03
26.17,-6.31E-03,-4.34E-03
26.19,-6.15E-03,-4.31E-03
26.21,-6.04E-03,-4.27E-03
26.23,-5.96E-03,-4.22E-03
26.25,-5.91E-03,-4.15E-03
26.27,-5.89E-03,-4.08E-03
26.29,-5.91E-03,-4.02E-03
26.31,-5.98E-03,-4.00E-03
26.33,-6.13E-03,-4.03E-03
26.35,-6.34E-03,-4.12E-03
26.37,-6.59E-03,-4.25E-03
26.39,-6.83E-03,-4.39E-03
26.41,-7.00E-03,-4.49E-03
26.43,-7.03E-03,-4.50E-03
26.45,-6.86E-03,-4.38E-03
26.47,-6.46E-03,-4.12E-03
26.49,-5.83E-03,-3.70E-03
26.51,-5.01E-03,-3.18E-03
26.53,-4.07E-03,-2.59E-03
26.55,-3.12E-03,-2.01E-03
26.57,-2.28E-03,-1.50E-03
26.59,-1.63E-03,-1.13E-03
26.61,-1.26E-03,-9.28E-04
26.63,-1.17E-03,-8.97E-04
26.65,-1.33E-03,-1.01E-03
26.67,-1.66E-03,-1.21E-03
26.69,-2.05E-03,-1.42E-03
26.71,-2.37E-03,-1.58E-03
26.73,-2.51E-03,-1.62E-03
26.75,-2.38E-03,-1.51E-03
26.77,-1.97E-03,-1.24E-03
26.79,-1.29E-03,-8.44E-04
26.81,-4.36E-04,-3.73E-04
26.83,4.82E-04,1.07E-04
26.85,1.33E-03,5.24E-04
26.87,1.99E-03,8.22E-04
26.89,2.39E-03,9.67E-04
26.91,2.48E-03,9.53E-04
26.93,2.30E-03,8.05E-04
26.95,1.93E-03,5.69E-04
26.97,1.46E-03,3.08E-04
26.99,1.02E-03,8.30E-05
27.01,7.29E-04,-5.23E-05
27.03,6.50E-04,-6.59E-05
27.05,8.11E-04,4.90E-05
27.07,1.19E-03,2.74E-04
27.09,1.71E-03,5.70E-04
27.11,2.27E-03,8.84E-04
27.13,2.76E-03,1.16E-03
27.15,3.10E-03,1.36E-03
27.17,3.21E-03,1.44E-03
27.19,3.09E-03,1.41E-03
27.21,2.77E-03,1.27E-03
27.23,2.31E-03,1.05E-03
27.25,1.83E-03,8.16E-04
27.27,1.42E-03,6.07E-04
27.29,1.20E-03,4.78E-04
27.31,1.24E-03,4.70E-04
27.33,1.56E-03,6.08E-04
27.35,2.18E-03,9.00E-04
27.37,3.05E-03,1.34E-03
27.39,4.12E-03,1.89E-03
27.41,5.29E-03,2.52E-03
27.43,6.49E-03,3.20E-03
27.45,7.64E-03,3.86E-03
27.47,8.67E-03,4.48E-03
27.49,9.55E-03,5.00E-03
27.51,1.02E-02,5.42E-03
27.53,1.07E-02,5.70E-03
27.55,1.10E-02,5.86E-03
27.57,1.11E-02,5.89E-03
27.59,1.10E-02,5.82E-03
27.61,1.08E-02,5.66E-03
27.63,1.05E-02,5.47E-03
27.65,1.01E-02,5.26E-03
27.67,9.81E-03,5.08E-03
27.69,9.55E-03,4.96E-03
27.71,9.41E-03,4.91E-03
27.73,9.41E-03,4.94E-03
27.75,9.55E-03,5.04E-03
27.77,9.82E-03,5.19E-03
27.79,1.01E-02,5.35E-03
27.81,1.04E-02,5.50E-03
27.83,1.07E-02,5.59E-03
27.85,1.07E-02,5.59E-03
27.87,1.06E-02,5.51E-03
27.89,1.02E-02,5.35E-03
27.91,9.73E-03,5.13E-03
27.93,9.15E-03,4.89E-03
27.95,8.60E-03,4.67E-03
27.97,8.19E-03,4.54E-03
27.99,8.00E-03,4.51E-03
28.01,8.10E-03,4.62E-03
28.03,8.48E-03,4.85E-03
28.05,9.09E-03,5.17E-03
28.07,9.83E-03,5.53E-03
28.09,1.05E-02,5.88E-03
28.11,1.11E-02,6.16E-03
28.13,1.14E-02,6.31E-03
28.15,1.14E-02,6.33E-03
28.17,1.11E-02,6.20E-03
28.19,1.05E-02,5.96E-03
28.21,9.77E-03,5.67E-03
28.23,9.04E-03,5.37E-03
28.25,8.44E-03,5.15E-03
28.27,8.10E-03,5.03E-03
28.29,8.06E-03,5.04E-03
28.31,8.33E-03,5.18E-03
28.33,8.82E-03,5.40E-03
28.35,9.43E-03,5.67E-03
28.37,1.00E-02,5.90E-03
28.39,1.04E-02,6.06E-03
28.41,1.06E-02,6.11E-03
28.43,1.06E-02,6.03E-03
28.45,1.03E-02,5.84E-03
28.47,9.92E-03,5.60E-03
28.49,9.51E-03,5.36E-03
28.51,9.19E-03,5.17E-03
28.53,9.06E-03,5.08E-03
28.55,9.13E-03,5.10E-03
28.57,9.38E-03,5.22E-03
28.59,9.70E-03,5.39E-03
28.61,9.96E-03,5.54E-03
28.63,1.00E-02,5.61E-03
28.65,9.78E-03,5.54E-03
28.67,9.17E-03,5.30E-03
28.69,8.23E-03,4.89E-03
28.71,7.04E-03,4.35E-03
28.73,5.77E-03,3.75E-03
28.75,4.60E-03,3.17E-03
28.77,3.70E-03,2.71E-03
28.79,3.20E-03,2.43E-03
28.81,3.16E-03,2.36E-03
28.83,3.55E-03,2.51E-03
28.85,4.25E-03,2.82E-03
28.87,5.11E-03,3.23E-03
28.89,5.94E-03,3.65E-03
28.91,6.59E-03,4.00E-03
28.93,6.93E-03,4.22E-03
28.95,6.94E-03,4.28E-03
28.97,6.65E-03,4.21E-03
28.99,6.19E-03,4.05E-03
29.01,5.68E-03,3.86E-03
29.03,5.28E-03,3.69E-03
29.05,5.09E-03,3.62E-03
29.07,5.16E-03,3.65E-03
29.09,5.46E-03,3.77E-03
29.11,5.89E-03,3.94E-03
29.13,6.30E-03,4.09E-03
29.15,6.55E-03,4.16E-03
29.17,6.49E-03,4.07E-03
29.19,6.05E-03,3.81E-03
29.21,5.23E-03,3.36E-03
29.23,4.12E-03,2.78E-03
29.25,2.86E-03,2.14E-03
29.27,1.62E-03,1.52E-03
29.29,5.86E-04,1.01E-03
29.31,-1.07E-04,6.68E-04
29.33,-3.84E-04,5.37E-04
29.35,-2.52E-04,6.05E-04
29.37,2.09E-04,8.26E-04
29.39,8.61E-04,1.13E-03
29.41,1.54E-03,1.43E-03
29.43,2.09E-03,1.65E-03
29.45,2.40E-03,1.74E-03
29.47,2.40E-03,1.67E-03
29.49,2.12E-03,1.46E-03
29.51,1.62E-03,1.14E-03
29.53,1.02E-03,7.79E-04
29.55,4.53E-04,4.47E-04
29.57,2.40E-05,2.01E-04
29.59,-1.90E-04,7.54E-05
29.61,-1.68E-04,7.80E-05
29.63,5.44E-05,1.87E-04
29.65,3.97E-04,3.59E-04
29.67,7.48E-04,5.37E-04
29.69,9.93E-04,6.61E-04
29.71,1.03E-03,6.86E-04
29.73,8.05E-04,5.82E-04
29.75,2.89E-04,3.45E-04
29.77,-4.87E-04,-9.91E-06
29.79,-1.45E-03,-4.47E-04
29.81,-2.52E-03,-9.23E-04
29.83,-3.57E-03,-1.39E-03
29.85,-4.51E-03,-1.81E-03
29.87,-5.25E-03,-2.15E-03
29.89,-5.74E-03,-2.39E-03
29.91,-5.96E-03,-2.54E-03
29.93,-5.92E-03,-2.60E-03
29.95,-5.68E-03,-2.59E-03
29.97,-5.30E-03,-2.53E-03
29.99,-4.87E-03,-2.47E-03
30.01,-4.50E-03,-2.43E-03
30.03,-4.27E-03,-2.44E-03
30.05,-4.26E-03,-2.51E-03
30.07,-4.50E-03,-2.67E-03
30.09,-5.00E-03,-2.92E-03
30.11,-5.72E-03,-3.24E-03
30.13,-6.59E-03,-3.61E-03
30.15,-7.52E-03,-3.99E-03
30.17,-8.38E-03,-4.34E-03
30.19,-9.08E-03,-4.62E-03
30.21,-9.52E-03,-4.80E-03
30.23,-9.67E-03,-4.85E-03
30.25,-9.51E-03,-4.77E-03
30.27,-9.11E-03,-4.58E-03
30.29,-8.55E-03,-4.33E-03
30.31,-7.94E-03,-4.04E-03
30.33,-7.39E-03,-3.79E-03
30.35,-6.98E-03,-3.60E-03
30.37,-6.75E-03,-3.50E-03
30.39,-6.71E-03,-3.50E-03
30.41,-6.81E-03,-3.57E-03
30.43,-6.98E-03,-3.69E-03
30.45,-7.15E-03,-3.81E-03
30.47,-7.26E-03,-3.89E-03
30.49,-7.29E-03,-3.93E-03
30.51,-7.25E-03,-3.91E-03
30.53,-7.21E-03,-3.86E-03
30.55,-7.26E-03,-3.83E-03
30.57,-7.47E-03,-3.85E-03
30.59,-7.91E-03,-3.96E-03
30.61,-8.58E-03,-4.18E-03
30.63,-9.41E-03,-4.48E-03
30.65,-1.03E-02,-4.84E-03
30.67,-1.10E-02,-5.17E-03
30.69,-1.15E-02,-5.41E-03
30.71,-1.15E-02,-5.49E-03
30.73,-1.10E-02,-5.35E-03
30.75,-9.96E-03,-5.01E-03
30.77,-8.60E-03,-4.50E-03
30.79,-7.09E-03,-3.90E-03
30.81,-5.69E-03,-3.33E-03
30.83,-4.65E-03,-2.89E-03
30.85,-4.17E-03,-2.68E-03
30.87,-4.36E-03,-2.74E-03
30.89,-5.18E-03,-3.08E-03
30.91,-6.47E-03,-3.63E-03
30.93,-7.99E-03,-4.29E-03
30.95,-9.43E-03,-4.91E-03
30.97,-1.05E-02,-5.39E-03
30.99,-1.10E-02,-5.61E-03
31.01,-1.09E-02,-5.53E-03
31.03,-1.01E-02,-5.16E-03
31.05,-8.87E-03,-4.59E-03
31.07,-7.49E-03,-3.92E-03
31.09,-6.22E-03,-3.28E-03
31.11,-5.33E-03,-2.80E-03
31.13,-4.98E-03,-2.56E-03
31.15,-5.20E-03,-2.57E-03
31.17,-5.90E-03,-2.81E-03
31.19,-6.86E-03,-3.18E-03
31.21,-7.82E-03,-3.57E-03
31.23,-8.51E-03,-3.87E-03
31.25,-8.73E-03,-3.98E-03
31.27,-8.41E-03,-3.87E-03
31.29,-7.59E-03,-3.56E-03
31.31,-6.45E-03,-3.13E-03
31.33,-5.25E-03,-2.68E-03
31.35,-4.28E-03,-2.33E-03
31.37,-3.77E-03,-2.18E-03
31.39,-3.84E-03,-2.29E-03
31.41,-4.51E-03,-2.65E-03
31.43,-5.62E-03,-3.19E-03
31.45,-6.93E-03,-3.80E-03
31.47,-8.13E-03,-4.34E-03
31.49,-8.94E-03,-4.69E-03
31.51,-9.16E-03,-4.76E-03
31.53,-8.71E-03,-4.53E-03
31.55,-7.68E-03,-4.02E-03
31.57,-6.28E-03,-3.33E-03
31.59,-4.80E-03,-2.61E-03
31.61,-3.57E-03,-1.99E-03
31.63,-2.87E-03,-1.59E-03
31.65,-2.86E-03,-1.50E-03
31.67,-3.56E-03,-1.71E-03
31.69,-4.85E-03,-2.19E-03
31.71,-6.48E-03,-2.83E-03
31.73,-8.11E-03,-3.48E-03
31.75,-9.42E-03,-4.03E-03
31.77,-1.02E-02,-4.34E-03
31.79,-1.02E-02,-4.37E-03
31.81,-9.42E-03,-4.11E-03
31.83,-8.05E-03,-3.60E-03
31.85,-6.30E-03,-2.93E-03
31.87,-4.42E-03,-2.21E-03
31.89,-2.68E-03,-1.53E-03
31.91,-1.30E-03,-9.67E-04
31.93,-3.86E-04,-5.64E-04
31.95,5.91E-05,-3.20E-04
31.97,1.20E-04,-2.01E-04
31.99,-5.48E-05,-1.55E-04
32.01,-2.98E-04,-1.28E-04
32.03,-4.65E-04,-7.68E-05
32.05,-4.61E-04,2.03E-05
32.07,-2.63E-04,1.61E-04
32.09,9.38E-05,3.25E-04
32.11,5.29E-04,4.80E-04
32.13,9.47E-04,5.99E-04
32.15,1.27E-03,6.65E-04
32.17,1.46E-03,6.79E-04
32.19,1.51E-03,6.59E-04
32.21,1.46E-03,6.35E-04
32.23,1.39E-03,6.36E-04
32.25,1.35E-03,6.83E-04
32.27,1.39E-03,7.80E-04
32.29,1.48E-03,9.06E-04
32.31,1.60E-03,1.02E-03
32.33,1.66E-03,1.09E-03
32.35,1.57E-03,1.06E-03
32.37,1.27E-03,8.98E-04
32.39,7.19E-04,6.11E-04
32.41,-4.10E-05,2.22E-04
32.43,-9.23E-04,-2.14E-04
32.45,-1.79E-03,-6.25E-04
32.47,-2.49E-03,-9.37E-04
32.49,-2.87E-03,-1.09E-03
32.51,-2.83E-03,-1.04E-03
32.53,-2.36E-03,-7.98E-04
32.55,-1.49E-03,-3.89E-04
32.57,-3.34E-04,1.22E-04
32.59,9.33E-04,6.59E-04
32.61,2.14E-03,1.14E-03
32.63,3.11E-03,1.51E-03
32.65,3.75E-03,1.73E-03
32.67,4.02E-03,1.78E-03
32.69,3.93E-03,1.71E-03
32.71,3.57E-03,1.55E-03
32.73,3.07E-03,1.35E-03
32.75,2.54E-03,1.17E-03
32.77,2.11E-03,1.05E-03
32.79,1.83E-03,9.89E-04
32.81,1.71E-03,9.94E-04
32.83,1.74E-03,1.04E-03
32.85,1.86E-03,1.10E-03
32.87,1.99E-03,1.14E-03
32.89,2.09E-03,1.16E-03
32.91,2.14E-03,1.14E-03
32.93,2.14E-03,1.11E-03
32.95,2.14E-03,1.09E-03
32.97,2.19E-03,1.12E-03
32.99,2.37E-03,1.21E-03
33.01,2.71E-03,1.40E-03
33.03,3.23E-03,1.67E-03
33.05,3.91E-03,2.01E-03
33.07,4.70E-03,2.40E-03
33.09,5.54E-03,2.79E-03
33.11,6.35E-03,3.16E-03
33.13,7.07E-03,3.49E-03
33.15,7.67E-03,3.75E-03
33.17,8.13E-03,3.95E-03
33.19,8.45E-03,4.08E-03
33.21,8.66E-03,4.17E-03
33.23,8.78E-03,4.22E-03
33.25,8.82E-03,4.23E-03
33.27,8.78E-03,4.19E-03
33.29,8.63E-03,4.11E-03
33.31,8.37E-03,3.97E-03
33.33,7.97E-03,3.77E-03
33.35,7.43E-03,3.53E-03
33.37,6.81E-03,3.25E-03
33.39,6.15E-03,2.98E-03
33.41,5.56E-03,2.76E-03
33.43,5.14E-03,2.62E-03
33.45,4.96E-03,2.59E-03
33.47,5.09E-03,2.68E-03
33.49,5.52E-03,2.89E-03
33.51,6.20E-03,3.17E-03
33.53,7.00E-03,3.48E-03
33.55,7.78E-03,3.76E-03
33.57,8.38E-03,3.94E-03
33.59,8.68E-03,3.99E-03
33.61,8.59E-03,3.90E-03
33.63,8.11E-03,3.67E-03
33.65,7.33E-03,3.35E-03
33.67,6.38E-03,3.00E-03
33.69,5.45E-03,2.70E-03
33.71,4.74E-03,2.50E-03
33.73,4.40E-03,2.45E-03
33.75,4.51E-03,2.57E-03
33.77,5.08E-03,2.85E-03
33.79,6.00E-03,3.22E-03
33.81,7.11E-03,3.64E-03
33.83,8.19E-03,4.02E-03
33.85,9.03E-03,4.28E-03
33.87,9.43E-03,4.39E-03
33.89,9.32E-03,4.31E-03
33.91,8.67E-03,4.07E-03
33.93,7.58E-03,3.69E-03
33.95,6.22E-03,3.25E-03
33.97,4.83E-03,2.82E-03
33.99,3.62E-03,2.46E-03
34.01,2.79E-03,2.22E-03
34.03,2.44E-03,2.14E-03
34.05,2.62E-03,2.21E-03
34.07,3.22E-03,2.41E-03
34.09,4.10E-03,2.67E-03
34.11,5.05E-03,2.93E-03
34.13,5.84E-03,3.14E-03
34.15,6.29E-03,3.23E-03
34.17,6.28E-03,3.19E-03
34.19,5.78E-03,3.00E-03
34.21,4.87E-03,2.69E-03
34.23,3.69E-03,2.31E-03
34.25,2.45E-03,1.92E-03
34.27,1.36E-03,1.58E-03
34.29,6.36E-04,1.36E-03
34.31,3.98E-04,1.31E-03
34.33,6.98E-04,1.43E-03
34.35,1.49E-03,1.71E-03
34.37,2.62E-03,2.12E-03
34.39,3.90E-03,2.59E-03
34.41,5.09E-03,3.03E-03
34.43,5.95E-03,3.36E-03
34.45,6.31E-03,3.52E-03
34.47,6.08E-03,3.46E-03
34.49,5.24E-03,3.17E-03
34.51,3.88E-03,2.67E-03
34.53,2.19E-03,2.01E-03
34.55,3.75E-04,1.29E-03
34.57,-1.32E-03,5.78E-04
34.59,-2.67E-03,-1.87E-05
34.61,-3.53E-03,-4.33E-04
34.63,-3.83E-03,-6.25E-04
34.65,-3.59E-03,-5.88E-04
34.67,-2.91E-03,-3.57E-04
34.69,-1.96E-03,4.83E-06
34.71,-9.42E-04,4.16E-04
34.73,-4.88E-05,7.91E-04
34.75,5.62E-04,1.06E-03
34.77,7.95E-04,1.17E-03
34.79,6.33E-04,1.11E-03
34.81,1.33E-04,8.94E-04
34.83,-5.90E-04,5.80E-04
34.85,-1.39E-03,2.28E-04
34.87,-2.11E-03,-9.16E-05
34.89,-2.64E-03,-3.23E-04
34.91,-2.91E-03,-4.31E-04
34.93,-2.89E-03,-4.10E-04
34.95,-2.66E-03,-2.83E-04
34.97,-2.30E-03,-9.60E-05
34.99,-1.94E-03,9.38E-05
35.01,-1.69E-03,2.29E-04
35.03,-1.65E-03,2.67E-04
35.05,-1.87E-03,1.84E-04
35.07,-2.34E-03,-1.52E-05
35.09,-3.00E-03,-3.03E-04
35.11,-3.77E-03,-6.36E-04
35.13,-4.52E-03,-9.61E-04
35.15,-5.15E-03,-1.23E-03
35.17,-5.60E-03,-1.41E-03
35.19,-5.81E-03,-1.49E-03
35.21,-5.79E-03,-1.47E-03
35.23,-5.58E-03,-1.38E-03
35.25,-5.27E-03,-1.25E-03
35.27,-4.93E-03,-1.13E-03
35.29,-4.65E-03,-1.05E-03
35.31,-4.49E-03,-1.02E-03
35.33,-4.48E-03,-1.07E-03
35.35,-4.62E-03,-1.18E-03
35.37,-4.89E-03,-1.34E-03
35.39,-5.25E-03,-1.52E-03
35.41,-5.63E-03,-1.69E-03
35.43,-5.98E-03,-1.83E-03
35.45,-6.25E-03,-1.93E-03
35.47,-6.41E-03,-1.98E-03
35.49,-6.44E-03,-1.97E-03
35.51,-6.32E-03,-1.91E-03
35.53,-6.06E-03,-1.79E-03
35.55,-5.67E-03,-1.64E-03
35.57,-5.17E-03,-1.45E-03
35.59,-4.60E-03,-1.24E-03
35.61,-4.00E-03,-1.02E-03
35.63,-3.44E-03,-8.20E-04
35.65,-2.97E-03,-6.53E-04
35.67,-2.68E-03,-5.49E-04
35.69,-2.64E-03,-5.35E-04
35.71,-2.89E-03,-6.29E-04
35.73,-3.46E-03,-8.39E-04
35.75,-4.32E-03,-1.16E-03
35.77,-5.42E-03,-1.56E-03
35.79,-6.65E-03,-2.01E-03
35.81,-7.86E-03,-2.44E-03
35.83,-8.92E-03,-2.81E-03
35.85,-9.67E-03,-3.07E-03
35.87,-1.00E-02,-3.17E-03
35.89,-9.91E-03,-3.10E-03
35.91,-9.37E-03,-2.88E-03
35.93,-8.48E-03,-2.54E-03
35.95,-7.39E-03,-2.14E-03
35.97,-6.28E-03,-1.74E-03
35.99,-5.33E-03,-1.41E-03
36.01,-4.72E-03,-1.21E-03
36.03,-4.56E-03,-1.18E-03
36.05,-4.89E-03,-1.32E-03
36.07,-5.69E-03,-1.61E-03
36.09,-6.83E-03,-2.02E-03
36.11,-8.16E-03,-2.48E-03
36.13,-9.47E-03,-2.93E-03
36.15,-1.06E-02,-3.31E-03
36.17,-1.13E-02,-3.56E-03
36.19,-1.16E-02,-3.66E-03
36.21,-1.14E-02,-3.61E-03
36.23,-1.08E-02,-3.41E-03
36.25,-9.86E-03,-3.12E-03
36.27,-8.79E-03,-2.78E-03
36.29,-7.77E-03,-2.44E-03
36.31,-6.93E-03,-2.17E-03
36.33,-6.41E-03,-1.99E-03
36.35,-6.25E-03,-1.93E-03
36.37,-6.44E-03,-1.99E-03
36.39,-6.90E-03,-2.13E-03
36.41,-7.50E-03,-2.33E-03
36.43,-8.11E-03,-2.54E-03
36.45,-8.59E-03,-2.72E-03
36.47,-8.83E-03,-2.82E-03
36.49,-8.79E-03,-2.83E-03
36.51,-8.48E-03,-2.75E-03
36.53,-7.99E-03,-2.58E-03
36.55,-7.41E-03,-2.36E-03
36.57,-6.90E-03,-2.14E-03
36.59,-6.56E-03,-1.95E-03
36.61,-6.48E-03,-1.83E-03
36.63,-6.69E-03,-1.80E-03
36.65,-7.12E-03,-1.87E-03
36.67,-7.68E-03,-1.99E-03
36.69,-8.21E-03,-2.14E-03
36.71,-8.54E-03,-2.25E-03
36.73,-8.51E-03,-2.28E-03
36.75,-8.04E-03,-2.18E-03
36.77,-7.12E-03,-1.94E-03
36.79,-5.82E-03,-1.58E-03
36.81,-4.30E-03,-1.13E-03
36.83,-2.78E-03,-6.59E-04
36.85,-1.50E-03,-2.54E-04
36.87,-6.83E-04,1.47E-05
36.89,-4.77E-04,9.01E-05
36.91,-9.31E-04,-5.12E-05
36.93,-1.98E-03,-3.94E-04
36.95,-3.45E-03,-8.82E-04
36.97,-5.09E-03,-1.43E-03
36.99,-6.61E-03,-1.94E-03
37.01,-7.71E-03,-2.32E-03
37.03,-8.21E-03,-2.48E-03
37.05,-7.98E-03,-2.39E-03
37.07,-7.05E-03,-2.06E-03
37.09,-5.57E-03,-1.54E-03
37.11,-3.78E-03,-9.21E-04
37.13,-1.98E-03,-3.09E-04
37.15,-4.71E-04,1.92E-04
37.17,5.08E-04,4.98E-04
37.19,8.04E-04,5.62E-04
37.21,3.89E-04,3.84E-04
37.23,-6.48E-04,3.70E-06
37.25,-2.12E-03,-5.04E-04
37.27,-3.78E-03,-1.05E-03
37.29,-5.37E-03,-1.54E-03
37.31,-6.68E-03,-1.91E-03
37.33,-7.55E-03,-2.11E-03
37.35,-7.93E-03,-2.14E-03
37.37,-7.84E-03,-2.03E-03
37.39,-7.39E-03,-1.83E-03
37.41,-6.73E-03,-1.60E-03
37.43,-5.99E-03,-1.39E-03
37.45,-5.32E-03,-1.23E-03
37.47,-4.77E-03,-1.14E-03
37.49,-4.37E-03,-1.11E-03
37.51,-4.09E-03,-1.10E-03
37.53,-3.87E-03,-1.09E-03
37.55,-3.62E-03,-1.03E-03
37.57,-3.30E-03,-9.08E-04
37.59,-2.89E-03,-7.28E-04
37.61,-2.38E-03,-5.06E-04
37.63,-1.82E-03,-2.73E-04
37.65,-1.27E-03,-6.33E-05
37.67,-7.69E-04,9.41E-05
37.69,-3.65E-04,1.86E-04
37.71,-5.81E-05,2.18E-04
37.73,1.78E-04,2.13E-04
37.75,3.90E-04,2.06E-04
37.77,6.37E-04,2.34E-04
37.79,9.61E-04,3.25E-04
37.81,1.38E-03,4.91E-04
37.83,1.88E-03,7.22E-04
37.85,2.42E-03,9.90E-04
37.87,2.91E-03,1.25E-03
37.89,3.28E-03,1.46E-03
37.91,3.46E-03,1.57E-03
37.93,3.44E-03,1.57E-03
37.95,3.21E-03,1.47E-03
37.97,2.84E-03,1.27E-03
37.99,2.41E-03,1.04E-03
38.01,2.01E-03,8.16E-04
38.03,1.72E-03,6.48E-04
38.05,1.58E-03,5.68E-04
38.07,1.60E-03,5.83E-04
38.09,1.72E-03,6.77E-04
38.11,1.87E-03,8.16E-04
38.13,1.96E-03,9.54E-04
38.15,1.91E-03,1.05E-03
38.17,1.69E-03,1.06E-03
38.19,1.31E-03,9.96E-04
38.21,8.28E-04,8.59E-04
38.23,3.43E-04,6.88E-04
38.25,-2.90E-05,5.29E-04
38.27,-1.91E-04,4.29E-04
38.29,-8.72E-05,4.21E-04
38.31,2.81E-04,5.20E-04
38.33,8.49E-04,7.11E-04
38.35,1.50E-03,9.61E-04
38.37,2.10E-03,1.22E-03
38.39,2.52E-03,1.43E-03
38.41,2.68E-03,1.56E-03
38.43,2.54E-03,1.57E-03
38.45,2.16E-03,1.49E-03
38.47,1.66E-03,1.33E-03
38.49,1.21E-03,1.14E-03
38.51,9.50E-04,9.92E-04
38.53,1.02E-03,9.27E-04
38.55,1.49E-03,9.80E-04
38.57,2.34E-03,1.16E-03
38.59,3.45E-03,1.45E-03
38.61,4.68E-03,1.80E-03
38.63,5.84E-03,2.16E-03
38.65,6.74E-03,2.48E-03
38.67,7.28E-03,2.70E-03
38.69,7.41E-03,2.81E-03
38.71,7.18E-03,2.81E-03
38.73,6.71E-03,2.73E-03
38.75,6.16E-03,2.59E-03
38.77,5.68E-03,2.45E-03
38.79,5.40E-03,2.35E-03
38.81,5.37E-03,2.29E-03
38.83,5.55E-03,2.29E-03
38.85,5.82E-03,2.31E-03
38.87,6.01E-03,2.32E-03
38.89,5.96E-03,2.28E-03
38.91,5.50E-03,2.16E-03
38.93,4.58E-03,1.94E-03
38.95,3.23E-03,1.62E-03
38.97,1.56E-03,1.24E-03
38.99,-2.21E-04,8.27E-04
39.01,-1.87E-03,4.50E-04
39.03,-3.14E-03,1.59E-04
39.05,-3.88E-03,-8.72E-06
39.07,-3.98E-03,-3.27E-05
39.09,-3.47E-03,8.14E-05
39.11,-2.48E-03,3.06E-04
39.13,-1.19E-03,5.99E-04
39.15,1.43E-04,9.11E-04
39.17,1.32E-03,1.20E-03
39.19,2.16E-03,1.42E-03
39.21,2.60E-03,1.56E-03
39.23,2.65E-03,1.63E-03
39.25,2.40E-03,1.64E-03
39.27,1.99E-03,1.62E-03
39.29,1.61E-03,1.59E-03
39.31,1.38E-03,1.58E-03
39.33,1.39E-03,1.59E-03
39.35,1.67E-03,1.65E-03
39.37,2.17E-03,1.72E-03
39.39,2.79E-03,1.81E-03
39.41,3.39E-03,1.90E-03
39.43,3.84E-03,1.96E-03
39.45,4.04E-03,1.99E-03
39.47,3.95E-03,1.97E-03
39.49,3.55E-03,1.92E-03
39.51,2.91E-03,1.83E-03
39.53,2.09E-03,1.71E-03
39.55,1.20E-03,1.56E-03
39.57,3.21E-04,1.40E-03
39.59,-4.68E-04,1.22E-03
39.61,-1.12E-03,1.04E-03
39.63,-1.61E-03,8.62E-04
39.65,-1.93E-03,7.10E-04
39.67,-2.07E-03,6.00E-04
39.69,-2.04E-03,5.48E-04
39.71,-1.82E-03,5.68E-04
39.73,-1.43E-03,6.66E-04
39.75,-8.63E-04,8.36E-04
39.77,-1.65E-04,1.06E-03
39.79,6.04E-04,1.30E-03
39.81,1.35E-03,1.52E-03
39.83,1.96E-03,1.68E-03
39.85,2.30E-03,1.74E-03
39.87,2.27E-03,1.67E-03
39.89,1.80E-03,1.46E-03
39.91,8.80E-04,1.14E-03
39.93,-4.24E-04,7.35E-04
39.95,-1.98E-03,2.98E-04
39.97,-3.61E-03,-1.12E-04
39.99,-5.11E-03,-4.42E-04
40.01,-6.26E-03,-6.50E-04
40.03,-6.93E-03,-7.15E-04
40.05,-7.03E-03,-6.37E-04
40.07,-6.56E-03,-4.39E-04
40.09,-5.63E-03,-1.62E-04
40.11,-4.38E-03,1.44E-04
40.13,-3.03E-03,4.31E-04
40.15,-1.77E-03,6.58E-04
40.17,-7.66E-04,8.00E-04
40.19,-1.33E-04,8.48E-04
40.21,1.02E-04,8.12E-04
40.23,-1.19E-05,7.15E-04
40.25,-3.69E-04,5.89E-04
40.27,-8.29E-04,4.64E-04
40.29,-1.25E-03,3.65E-04
40.31,-1.53E-03,3.08E-04
40.33,-1.60E-03,2.96E-04
40.35,-1.47E-03,3.20E-04
40.37,-1.21E-03,3.66E-04
40.39,-9.20E-04,4.11E-04
40.41,-7.28E-04,4.34E-04
40.43,-7.49E-04,4.19E-04
40.45,-1.07E-03,3.55E-04
40.47,-1.71E-03,2.40E-04
40.49,-2.64E-03,8.13E-05